Country,StockCode,Description,CantidadTotal,RankingEnPais
Australia,22492,MINI PAINT SET VINTAGE ,2952,1
Australia,23084,RABBIT NIGHT LIGHT,1884,2
Australia,21915,RED  HARMONICA IN BOX ,1704,3
Austria,21918,SET 12 KIDS COLOUR  CHALK STICKS,288,1
Austria,22546,MINI JIGSAW PURDEY,240,2
Austria,22584,PACK OF 6 PANNETONE GIFT BOXES,144,3
Bahrain,23076,ICE CREAM SUNDAE LIP GLOSS,96,1
Bahrain,23077,DOUGHNUT LIP GLOSS ,60,2
Bahrain,22693,GROW A FLYTRAP OR SUNFLOWER IN TIN,24,3
Belgium,21212,PACK OF 72 RETROSPOT CAKE CASES,480,1
Belgium,22326,ROUND SNACK BOXES SET OF4 WOODLAND ,420,2
Belgium,22417,PACK OF 60 SPACEBOY CAKE CASES,384,3
Brazil,22699,ROSES REGENCY TEACUP AND SAUCER ,24,1
Brazil,22697,GREEN REGENCY TEACUP AND SAUCER,24,2
Brazil,84971S,SMALL HEART FLOWERS HOOK ,24,3
Canada,37370,RETRO COFFEE MUGS ASSORTED,504,1
Canada,84077,WORLD WAR 2 GLIDERS ASSTD DESIGNS,288,2
Canada,20727,LUNCH BAG  BLACK SKULL.,50,3
Channel Islands,21785,RAIN PONCHO ,407,1
Channel Islands,85099B,JUMBO BAG RED RETROSPOT,250,2
Channel Islands,85099C,JUMBO  BAG BAROQUE BLACK WHITE,220,3
Cyprus,22335,HEART DECORATION PAINTED ZINC ,384,1
Cyprus,84598,BOYS ALPHABET IRON ON PATCHES,288,2
Cyprus,84568,GIRLS ALPHABET IRON ON PATCHES ,288,3
Czech Republic,22579,WOODEN TREE CHRISTMAS SCANDINAVIAN,72,1
Czech Republic,22578,WOODEN STAR CHRISTMAS SCANDINAVIAN,72,2
Czech Republic,23271,CHRISTMAS TABLE SILVER CANDLE SPIKE,48,3
Denmark,21915,RED  HARMONICA IN BOX ,288,1
Denmark,23296,SET OF 6 TEA TIME BAKING CASES,280,2
Denmark,22467,GUMBALL COAT RACK,270,3
EIRE,21212,PACK OF 72 RETROSPOT CAKE CASES,1632,1
EIRE,84991,60 TEATIME FAIRY CAKE CASES,1464,2
EIRE,22952,60 CAKE CASES VINTAGE CHRISTMAS,1440,3
European Community,22571,ROCKING HORSE RED CHRISTMAS ,24,1
European Community,23308,SET OF 60 VINTAGE LEAF CAKE CASES ,24,2
European Community,23210,WHITE ROCKING HORSE HAND PAINTED,24,3
Finland,84997D,CHILDRENS CUTLERY POLKADOT PINK,480,1
Finland,84997C,CHILDRENS CUTLERY POLKADOT BLUE,300,2
Finland,23077,DOUGHNUT LIP GLOSS ,200,3
France,23084,RABBIT NIGHT LIGHT,4000,1
France,22492,MINI PAINT SET VINTAGE ,2196,2
France,21731,RED TOADSTOOL LED NIGHT LIGHT,1291,3
Germany,22326,ROUND SNACK BOXES SET OF4 WOODLAND ,1233,1
Germany,15036,ASSORTED COLOURS SILK FAN,1164,2
Germany,POST,POSTAGE,1114,3
Greece,21616,4 PEAR BOTANICAL DINNER CANDLES,48,1
Greece,21615,4 LAVENDER BOTANICAL DINNER CANDLES,48,2
Greece,22604,SET OF 4 NAPKIN CHARMS CUTLERY,32,3
Iceland,23076,ICE CREAM SUNDAE LIP GLOSS,240,1
Iceland,84558A,3D DOG PICTURE PLAYING CARDS,126,2
Iceland,22492,MINI PAINT SET VINTAGE ,108,3
Israel,20719,WOODLAND CHARLOTTE BAG,120,1
Israel,20724,RED RETROSPOT CHARLOTTE BAG,110,2
Israel,22326,ROUND SNACK BOXES SET OF4 WOODLAND ,96,3
Italy,51014A,"FEATHER PEN,HOT PINK",240,1
Italy,23445,ICE CREAM BUBBLES,200,2
Italy,51014C,"FEATHER PEN,COAL BLACK",168,3
Japan,23084,RABBIT NIGHT LIGHT,3408,1
Japan,22328,ROUND SNACK BOXES SET OF 4 FRUITS ,1494,2
Japan,22489,PACK OF 12 TRADITIONAL CRAYONS,1201,3
Lebanon,84929,ASSTD FRUIT+FLOWERS FRIDGE MAGNETS,24,1
Lebanon,47566,PARTY BUNTING,15,2
Lebanon,82552,WASHROOM METAL SIGN,12,3
Lithuania,22271,FELTCRAFT DOLL ROSIE,48,1
Lithuania,21915,RED  HARMONICA IN BOX ,48,2
Lithuania,22307,GOLD MUG BONE CHINA TREE OF LIFE,36,3
Malta,72741,GRAND CHOCOLATECANDLE,81,1
Malta,22065,CHRISTMAS PUDDING TRINKET POT ,60,2
Malta,22959,WRAP CHRISTMAS VILLAGE,25,3
Netherlands,23084,RABBIT NIGHT LIGHT,4801,1
Netherlands,22629,SPACEBOY LUNCH BOX ,4528,2
Netherlands,22630,DOLLY GIRL LUNCH BOX,4132,3
Norway,16008,SMALL FOLDING SCISSOR(POINTED EDGE),576,1
Norway,22693,GROW A FLYTRAP OR SUNFLOWER IN TIN,504,2
Norway,72232,FENG SHUI PILLAR CANDLE,384,3
Poland,21232,STRAWBERRY CERAMIC TRINKET BOX,144,1
Poland,37448,CERAMIC CAKE DESIGN SPOTTED MUG,144,2
Poland,22961,JAM MAKING SET PRINTED,108,3
Portugal,22740,POLKADOT PEN,240,1
Portugal,84991,60 TEATIME FAIRY CAKE CASES,218,2
Portugal,20725,LUNCH BAG RED RETROSPOT,215,3
RSA,22620,4 TRADITIONAL SPINNING TOPS,12,1
RSA,21889,WOODEN BOX OF DOMINOES,12,2
RSA,84375,SET OF 20 KIDS COOKIE CUTTERS,12,3
Saudi Arabia,22915,ASSORTED BOTTLE TOP  MAGNETS ,12,1
Saudi Arabia,22553,PLASTERS IN TIN SKULLS,12,2
Saudi Arabia,22555,PLASTERS IN TIN STRONGMAN,12,3
Singapore,22339,CHRISTMAS TREE PAINTED ZINC ,384,1
Singapore,22343,PARTY PIZZA DISH RED RETROSPOT,240,2
Singapore,22197,SMALL POPCORN HOLDER,200,3
Spain,84997D,CHILDRENS CUTLERY POLKADOT PINK,729,1
Spain,84997C,CHILDRENS CUTLERY POLKADOT BLUE,653,2
Spain,20728,LUNCH BAG CARS BLUE,558,3
Sweden,22492,MINI PAINT SET VINTAGE ,2916,1
Sweden,84077,WORLD WAR 2 GLIDERS ASSTD DESIGNS,2304,2
Sweden,23310,BUBBLEGUM RING ASSORTED,1080,3
Switzerland,22554,PLASTERS IN TIN WOODLAND ANIMALS,636,1
Switzerland,22326,ROUND SNACK BOXES SET OF4 WOODLAND ,480,2
Switzerland,22551,PLASTERS IN TIN SPACEBOY,468,3
USA,23366,SET 12 COLOURING PENCILS DOILY,88,1
USA,21121,SET/10 RED POLKADOT PARTY CANDLES,72,2
USA,21122,SET/10 PINK POLKADOT PARTY CANDLES,72,3
United Arab Emirates,85215,ASSORTED CHEESE FRIDGE MAGNETS,72,1
United Arab Emirates,21700,BIG DOUGHNUT FRIDGE MAGNETS,72,2
United Arab Emirates,22492,MINI PAINT SET VINTAGE ,36,3
United Kingdom,23843,"PAPER CRAFT , LITTLE BIRDIE",80995,1
United Kingdom,23166,MEDIUM CERAMIC TOP STORAGE JAR,76919,2
United Kingdom,84077,WORLD WAR 2 GLIDERS ASSTD DESIGNS,49182,3
Unspecified,23119,PACK OF 6 LARGE FRUIT STRAWS ,36,1
Unspecified,22952,60 CAKE CASES VINTAGE CHRISTMAS,36,2
Unspecified,22986,GINGHAM ROSE WRAP,25,3
